thread_id,timestamp,user_query,response
1,00:20:02,hi,Hello! How can I assist you today?
1,00:20:17,how can you help me,"I can assist you with a variety of tasks, including:

1. **Answering Questions**: I can provide information on a wide range of topics, including current events, history, science, and more.
2. **Travel Information**: I can help you find information about airlines, travel policies, and destinations.
3. **Story Lookup**: I can search for fictional stories or specific narratives.
4. **Database Queries**: I can access specific databases for detailed information, such as music, travel, or other structured data.
5. **General Assistance**: I can help with advice, tips, and recommendations on various subjects.

Let me know what you need help with!"
